year,ego_id,n_alters,missing_in_csv,trace_cov,mean_dist_to_mu,median_dist_to_mu,mean_WoS Categories,var_WoS Categories,mean_Document Types,var_Document Types,"mean_Documents,","var_Documents,",mean_Ave. citations,var_Ave. citations,mean_Ave. authorships,var_Ave. authorships,mean_Ave. references,var_Ave. references,mean_Percent of documents,var_Percent of documents,mean_Percent of documents Int. Coll.,var_Percent of documents Int. Coll.,hill_q0,hill_q1,hill_q2,top1_share,top1_share_docs
1980,MCT.4.61.1335,26,0,4614.1916609230775,58.9014043200752,50.5528583167865,4.153846153846154,45.514792899408285,1.5384615384615385,1.3254437869822482,5.5,285.5576923076923,25.557692307692307,865.8043639053253,2.6184615384615384,2.5838668639053255,80.15230769230769,2785.585840828403,3.8169230769230755,137.7467289940829,9.326923076923077,312.6040213017751,26.0,5.507302331969611,2.490439654122518,0.6223776223776224,0.6223776223776224
1981,MCT.4.61.1335,63,0,5596.362150230415,58.17308168766602,43.23838263749669,3.4444444444444446,42.7548500881835,1.4285714285714286,1.8321995464852607,4.904761904761905,454.1179138322001,26.207777777777775,1343.467277601411,2.8655555555555554,2.6208215167548494,59.37460317460317,2590.2139930964977,1.575396825396821,46.948155001259856,14.732698412698413,1025.5757943058704,63.0,9.892263848106987,3.16949377593361,0.5533980582524272,0.5533980582524272
1982,MCT.4.61.1335,58,0,33617.3048392317,132.8108906582137,101.75557464281587,4.4655172413793105,44.55915576694421,1.4655172413793103,1.317776456599288,6.172413793103448,611.349583828774,87.47568965517242,23710.743196938172,2.6162068965517244,4.051313198573128,102.83448275862068,7936.076438525565,1.7065517241379307,46.6426329369797,9.959310344827585,682.9560374554103,58.0,10.47357275625421,3.4024636296060318,0.5335195530726257,0.5335195530726257
1983,MCT.4.61.1335,35,0,15985.350264873949,87.82612196363267,54.76389289989364,3.657142857142857,43.88244897959183,1.3714285714285714,1.8906122448979594,4.885714285714286,320.9012244897953,48.82714285714286,11263.477460408163,2.672285714285714,2.875171918367347,58.632,2774.9457874285704,2.8257142857142843,107.22914448979598,13.365714285714287,1013.4241216326529,35.0,6.3314787816718265,2.423220353028922,0.6374269005847953,0.6374269005847953
1984,MCT.4.61.1335,45,0,27442.8648020202,102.55586153421625,66.17357703815541,3.422222222222222,44.33283950617289,1.4666666666666666,1.6266666666666676,5.133333333333334,343.53777777777793,38.73088888888889,3175.0110125432093,2.889333333333333,2.5767351111111103,97.23577777777777,22680.70778439506,2.204444444444449,63.28447358024699,8.446222222222222,521.946072395062,45.0,8.587075923615883,3.2058275758486037,0.5454545454545454,0.5454545454545454
1985,MCT.4.61.1335,33,0,21439.316198295448,109.35988817954438,82.41581968885723,3.696969696969697,49.6051423324151,1.4545454545454546,1.2176308539944918,6.242424242424242,675.0927456382008,29.73030303030303,1397.2776514233237,3.002121212121212,5.4651076216712555,100.35939393939394,17866.278751147842,2.9433333333333325,150.21423434343427,9.717272727272729,644.4886865013771,33.0,4.042818633985706,1.8008827024274314,0.7427184466019418,0.7427184466019418
1986,MCT.4.61.1335,18,0,6545.682430065361,64.997295684681,47.88870639906601,4.388888888888889,84.90432098765436,1.3888888888888888,1.3487654320987648,11.0,1544.7777777777778,24.32,896.8739111111112,2.355,1.589047222222222,49.61611111111111,1902.8698126543209,5.5261111111111125,390.056279320988,24.045,1359.6134916666672,18.0,2.042863665703182,1.3074973319103522,0.8737373737373737,0.8737373737373737
1987,MCT.4.61.1335,286,0,18688.69579434425,83.69642555889689,55.74263438350228,5.363636363636363,63.65098537825813,1.8356643356643356,2.018448334881909,8.052447552447552,1576.1615849185712,40.81650349650349,5384.419627634602,2.9863636363636368,2.4946581055308297,72.32741258741258,10838.801160438165,0.3464685314685344,2.9359906755831395,13.891153846153847,752.8682486686429,286.0,48.825779321331204,11.300881901105194,0.27399044724272686,0.27399044724272686
1988,MCT.4.61.1335,128,0,35830.59813403666,105.67827451518424,68.43693318251152,4.4765625,37.92132568359375,1.625,1.5625,4.5703125,228.94818115234375,39.999921875,5599.702475775148,2.9681249999999997,3.4091417968750055,86.7065625,28765.806260058594,0.7763281250000018,6.59710917358401,15.880703124999998,906.7245924743626,128.0,35.21848363195983,10.701554144907597,0.27521367521367524,0.27521367521367524
1989,MCT.4.61.1335,61,0,74713.28614508195,123.67825979775705,78.62868425990585,3.098360655737705,37.33458747648477,1.3278688524590163,0.9744692287019638,4.114754098360656,385.609782316582,20.94688524590164,1451.4461296425686,2.5821311475409834,3.380069228701962,107.76622950819672,70856.33353168503,1.6342622950819716,60.708408062348695,10.762950819672131,692.6911978500391,61.0,8.558594149264868,2.5657096314396255,0.6215139442231076,0.6215139442231076
1991,MCT.4.61.1335,244,0,8249.031398013229,60.693495620125425,40.74018978547433,5.323770491803279,55.95664807847346,1.8032786885245902,1.715399086267119,8.204918032786885,2165.0809594195166,26.269180327868845,1414.6610206396126,3.2446721311475413,2.0551962039774234,56.77188524590163,3752.65746283929,0.40889344262294974,5.357768857497939,14.479631147540983,817.7394371590315,244.0,36.33219106950081,7.3581051062407985,0.3546453546453546,0.3546453546453546
1992,MCT.4.61.1335,224,0,15205.07976383928,66.91593893263632,44.09479285013197,5.111607142857143,47.08129384566314,1.6919642857142858,1.4095782844387812,7.049107142857143,1287.4484813456595,30.24758928571429,8749.924653117027,3.4262500000000005,7.4360564732142915,57.73790178571429,4286.067535329642,0.44388392857142855,5.126135361527475,13.453080357142857,752.7062097078264,224.0,36.34753210367951,8.324149720051148,0.32488917036098797,0.32488917036098797
1993,MCT.4.61.1335,103,0,16787.878728345706,89.42419990398751,61.26631006212569,3.8058252427184467,37.72928645489679,1.5339805825242718,1.2779715336035489,5.456310679611651,663.5878970685235,42.32747572815534,7799.640768385334,3.682233009708738,4.92052025638608,80.8347572815534,7219.045306494488,0.971067961165052,20.92928332547834,13.18271844660194,877.7585809595631,103.0,15.971578169361182,4.422594376610284,0.4608540925266904,0.4608540925266904
1994,MCT.4.61.1335,63,0,68460.01310732207,113.99295487727807,69.21946995871598,4.349206349206349,46.29075333837241,1.5714285714285714,1.736961451247164,4.904761904761905,299.3242630385493,36.854285714285716,19516.800754648528,2.956666666666667,4.450609523809523,89.84,46655.50925079366,1.5753968253968216,30.949234366339073,13.047619047619047,818.2844054421759,63.0,13.862242543547632,4.686644087763217,0.4401294498381877,0.4401294498381877
1995,MCT.4.61.1335,167,0,28837.014577375365,85.45838188216673,57.53259943665205,4.197604790419161,40.68550324500695,1.6167664670658684,1.2184015203126632,4.7604790419161676,584.9007135429694,31.416646706586825,2166.798212707518,3.1867664670658677,4.432631460432426,74.4682634730539,24862.498494589265,0.5995808383233511,9.183101021908321,15.73748502994012,994.6207852916916,167.0,31.249161300069918,6.229118003607225,0.39245283018867927,0.39245283018867927
1996,MCT.4.61.1335,595,0,8603.500818917464,55.871337843613986,39.117723197716295,4.7478991596638656,36.51123508226832,1.5327731092436976,0.9380015535625997,4.450420168067227,367.68955864699683,22.083193277310926,1674.55255887861,4.2369243697479,4.3862801203304915,64.25578151260504,5479.341513464864,0.16499159663865703,0.500867689005005,19.418806722689077,1025.1211382399592,595.0,179.265856505262,30.41249132546843,0.16767371601208458,0.16767371601208458
1997,MCT.4.61.1335,150,0,13626.009890120804,73.4700378436152,50.77009473321294,4.42,49.29693333333328,1.5533333333333332,1.0338222222222218,4.84,578.3610666666635,32.654666666666664,4823.088736888889,3.1347333333333336,2.2103449288888912,65.16706666666666,6785.299512728886,0.662266666666666,10.764769528888849,20.063666666666666,1285.1146378888923,150.0,26.50949322825047,5.839012717685117,0.4022038567493113,0.4022038567493113
1998,MCT.4.61.1335,128,0,41093.70425688976,86.25377538734953,54.581847249958045,4.359375,28.058349609375,1.5546875,1.21575927734375,5.0,776.203125,28.81609375,9214.13127067871,3.333046875000001,3.4322930603027357,70.259921875,29646.507414837644,0.7819531249999987,18.890115716552693,17.688515625,1084.2213642028787,128.0,18.005772016506427,3.9939934083507227,0.49375,0.49375
1999,MCT.4.61.1335,93,0,6866.118106077607,59.096897875201314,43.03248213523044,4.010752688172043,29.88160480980461,1.4946236559139785,0.8306162562145893,4.376344086021505,374.2992253439715,27.574623655913978,1448.1812915250318,3.1440860215053763,1.424510186148688,49.55763440860215,3787.5210438663444,1.0775268817204293,22.590031518094523,17.830537634408604,1127.5605556249266,93.0,17.909332437213372,4.527042168839332,0.4619164619164619,0.4619164619164619
2000,MCT.4.61.1335,155,0,10783.438719857562,65.32677561123201,44.780160983296014,3.703225806451613,39.589344432882456,1.4064516129032258,0.7057648283038482,3.8129032258064517,502.79725286160385,20.415806451612905,1437.3118798335065,3.336774193548387,3.469570239334026,62.23870967741936,7646.161217689904,0.645225806451615,14.347919142559707,16.428516129032257,1069.4851984432898,155.0,23.654859673649927,4.355830745632085,0.4754653130287648,0.4754653130287648
2001,MCT.4.61.1335,127,0,66408.31230194977,105.81115554840481,72.18230266857684,4.078740157480315,49.75757951515885,1.4330708661417322,0.6077252154504329,4.118110236220472,434.5136090272159,30.52267716535433,3523.391194407593,3.49488188976378,2.5913840411680824,91.43007874015746,60801.58383857648,0.783543307086612,15.763454374108694,17.025590551181104,1057.2034199268396,127.0,22.21670643717985,4.7705495578771115,0.45124282982791586,0.45124282982791586
2002,MCT.4.61.1335,107,0,171634.6266893141,112.16242932303273,66.50776106300766,4.074766355140187,35.97571840335397,1.4579439252336448,0.8089789501266487,5.05607476635514,795.1183509476851,21.738411214953274,917.9355909337062,3.3138317757009346,2.595326438990309,93.25672897196259,167413.28195472097,0.9311214953271062,27.16794640579952,11.623177570093457,837.6808908376262,107.0,13.803427390619529,3.3330030861034237,0.5434380776340111,0.5434380776340111
2003,MCT.4.61.1335,151,0,6678.719220008836,55.441301034327886,36.7579404404231,3.9205298013245033,32.9075917722907,1.4768211920529801,1.1236349282926237,5.3907284768211925,1198.7148809262835,21.094437086092718,1555.4235809745185,3.8233112582781468,5.4136526117275565,56.67781456953642,2773.977366747071,0.6559602649006641,17.82828765405022,16.38794701986755,1049.1002957852702,151.0,16.193328703369776,3.573988370713184,0.5233415233415234,0.5233415233415234
2004,MCT.4.61.1335,257,0,9561.408786360043,61.07809173333811,41.97750417518347,3.280155642023346,19.688049781223036,1.3657587548638133,0.6210843464700465,3.1284046692607004,295.5593877272904,18.045408560311284,569.2213143272418,3.6984824902723736,5.115046335296521,68.18548638132297,7546.721844218688,0.3846303501945536,4.505484007327889,16.546848249027242,1082.772650377753,257.0,56.42586357678164,8.23732701276856,0.3420398009950249,0.3420398009950249
2005,MCT.4.61.1335,160,0,15045.898833384435,72.75276829443753,49.0743633436078,3.7375,47.28109374999997,1.425,0.7943750000000033,5.3,1353.3599999999972,19.802812499999998,858.5406814648437,3.5330625000000007,6.986703746093741,78.51925,11827.313656937502,0.621000000000002,18.510059000000055,13.5656875,839.0753957773452,160.0,14.888853139652953,3.2533931738390813,0.5495283018867925,0.5495283018867925
2006,MCT.4.61.1335,206,0,60897.00978907646,85.1361620016586,54.98904919795231,3.8592233009708736,32.15008483363158,1.383495145631068,0.8189508907531318,4.276699029126213,799.1030492977641,21.328640776699025,1037.3292923272693,4.025873786407767,6.977427149118667,81.30480582524272,57710.50266670984,0.4818932038834958,10.204282338109131,17.670582524271847,1004.307483155813,206.0,27.69356169503844,4.609497395817866,0.4619750283768445,0.4619750283768445
2007,MCT.4.61.1335,122,0,5659.823999458065,44.51766936510492,28.598976617472147,3.8852459016393444,23.757323300188133,1.5081967213114753,1.0040311744154817,4.278688524590164,419.1518409029819,14.645491803278688,589.9162395122279,3.4658196721311474,2.6532407215802225,50.7839344262295,3783.7371566514366,0.8140163934426208,15.208801081698429,13.47188524590164,778.0033661179785,122.0,23.15657597072099,5.105564924114671,0.43486590038314177,0.43486590038314177
2008,MCT.4.61.1335,281,0,8154.891477109795,57.9607849844951,39.25977943809147,3.5729537366548043,32.61478451387388,1.3736654804270463,0.8532566710148016,4.320284697508897,1209.947239776587,19.148932384341638,1199.895262917138,4.077686832740214,6.687542336089969,61.036120996441284,4595.132096341227,0.3516370106761546,8.076145362900625,17.01825622775801,1072.6641830802541,281.0,29.094349084923774,4.268902792260455,0.48105436573311366,0.48105436573311366
2009,MCT.4.61.1335,232,0,6617.408649186457,58.51566312095962,41.56148614684365,3.7198275862068964,34.61546893579059,1.396551724137931,0.8513674197384057,4.525862068965517,1162.2320897740867,17.122370689655174,888.9034086039683,3.9599568965517244,4.0244780153834645,61.70952586206895,3349.625770033818,0.4191810344827605,10.022792001709377,18.22870689655172,1138.6099612589178,232.0,24.878709945869772,4.0180035715587294,0.4961904761904762,0.4961904761904762
2010,MCT.4.61.1335,221,0,9132.45962678322,63.3797597150736,44.649970028704594,3.8823529411764706,37.325525685387234,1.3891402714932126,0.889293831002649,5.217194570135747,1411.835179459882,19.051402714932124,856.1788781228881,3.772262443438913,3.4519785917569292,70.44303167420813,5560.4925460125705,0.44710407239819294,10.205064916770736,20.19923076923077,1210.757813435436,221.0,23.605817404386006,4.180123950180959,0.48482220294882916,0.48482220294882916
2011,MCT.4.61.1335,210,0,7766.857144591039,54.84924150103709,36.78812249144224,4.0095238095238095,42.44752834467106,1.380952380952381,0.8929705215419464,5.152380952380953,1464.0243990929841,18.094142857142856,1300.5350366462585,4.118809523809524,5.190129535147389,58.67166666666666,3809.4509091269842,0.46766666666666934,12.121636936507969,17.616333333333333,1095.2095003650822,210.0,20.77038464561662,3.740093284774139,0.5138632162661737,0.5138632162661737
2012,MCT.4.61.1335,205,0,9490.45897724532,61.30910076471548,40.23141532112964,3.795121951219512,35.85070791195728,1.3560975609756099,0.7073408685306325,5.4487804878048784,2105.3888399761904,18.91146341463415,1424.015894443784,4.399707317073171,7.073463328970843,64.4640487804878,4847.575298241519,0.4841463414634169,16.517102320047506,18.260682926829265,1007.0354083141,205.0,15.00686890167414,2.8506160738968838,0.5908683974932856,0.5908683974932856
2013,MCT.4.61.1335,255,0,20163.29301966034,72.31149140403414,49.06734781894565,3.83921568627451,48.72316801230268,1.3568627450980393,0.7863744713571693,4.933333333333334,1672.6426143790884,17.76592156862745,1135.5041316016923,4.448313725490196,6.136555980007691,75.04650980392157,16153.225634485198,0.3861960784313714,10.17533729488666,17.403882352941174,1057.0274661038045,255.0,22.691073774858125,3.657162664941186,0.5206677265500795,0.5206677265500795
2014,MCT.4.61.1335,221,0,10216.591488601409,64.6510826833417,45.80421408163899,3.728506787330317,36.704571978460685,1.3212669683257918,0.4985974898138835,5.176470588235294,1788.3625232898612,22.381493212669685,3991.949633516926,4.456787330316741,5.31591139821052,63.29714932126696,2888.38746562929,0.4489592760181021,13.334843713273775,26.59425339366516,1445.8090208226713,221.0,18.2796815749269,3.26246042627446,0.5515734265734266,0.5515734265734266
2015,MCT.4.61.1335,209,0,5896.278981565145,54.51841832904102,38.323606098270005,3.8373205741626792,35.75343971062923,1.3827751196172249,0.7625741168929321,4.827751196172249,1342.61147867494,13.221961722488038,622.2802377784392,4.253205741626795,5.234352881115365,60.87483253588517,2496.9538249719553,0.47076555023923133,12.72792094503328,23.0966028708134,1351.7432913303253,209.0,20.62939856881171,3.5662452666939903,0.5272547076313181,0.5272547076313181
2016,MCT.4.61.1335,277,0,11365.291505875595,63.25205724809393,44.80766100925556,3.7617328519855597,32.67247064343351,1.3357400722021662,0.6490114559032472,4.5703971119133575,1193.6096651852733,14.030794223826714,616.8512759035044,4.856787003610108,22.920325055715594,70.77898916967511,8182.581562155123,0.35660649819494467,7.17139426031881,21.88252707581227,1267.8058679821163,277.0,32.576324104568165,4.764208598877581,0.4549763033175355,0.4549763033175355
2017,MCT.4.61.1335,221,0,6328.413342706701,51.93371636161876,37.12169612975525,3.6968325791855206,32.49179992219644,1.3257918552036199,0.491144734956289,4.321266968325792,918.4171495260065,15.734570135746607,1635.4974465346747,4.568597285067873,6.133189435105742,59.51533936651583,2519.8292864232917,0.4386425339366494,9.525587297557262,20.431855203619907,1177.392384341026,221.0,27.412222836987933,4.403854232557688,0.4732984293193717,0.4732984293193717
2018,MCT.4.61.1335,213,0,13569.817142390833,69.30471555373423,48.570824745866126,3.2816901408450705,34.61548634530202,1.244131455399061,0.7009632127664315,3.76056338028169,677.9849236262708,11.92586854460094,300.0551162644096,4.759671361502347,6.8210895633582345,82.53854460093896,11263.542147647071,0.45281690140845243,9.866297229385777,19.284647887323946,1212.5230568009029,213.0,26.268099561175713,4.352109236686271,0.4756554307116105,0.4756554307116105
2019,MCT.4.61.1335,271,0,5179.320717452516,56.99812298519159,44.217872961665144,3.904059040590406,34.36717909614503,1.3542435424354244,0.6272790403180751,3.6494464944649447,496.2940864095075,10.37579335793358,276.6877992783325,4.737970479704797,5.388154921637777,72.08092250922508,3000.4794917689032,0.35498154981549523,4.668996217371746,23.63450184501845,1341.695846154055,271.0,50.10641053427295,7.082444516853118,0.3710819009100101,0.3710819009100101
2020,MCT.4.61.1335,209,0,8542.682420049681,58.21464661007908,41.68281230637794,3.588516746411483,27.9742222018726,1.291866028708134,0.5416084796593543,3.334928229665072,374.1844737986754,9.779617224880383,1385.3655615759708,4.757799043062201,5.310721471578029,75.02980861244019,5612.48653010691,0.4552153110047849,6.888081412971315,18.801435406698563,1089.0571424372133,209.0,39.451737749497916,6.032721131517836,0.4031563845050215,0.4031563845050215
2021,MCT.4.61.1335,138,0,5163.0257688088495,55.96108278398872,41.95352745176422,3.1594202898550723,37.90212140306664,1.1594202898550725,0.4673387943709302,3.0434782608695654,302.21550094518176,6.34231884057971,68.95371636210876,5.030289855072464,9.496923104389838,71.07804347826087,3134.1004577662266,0.6586231884057967,13.973137959462209,23.86673913043478,1558.5033422652823,138.0,21.93787431908695,4.1038525963149075,0.49047619047619045,0.49047619047619045
2022,MCT.4.61.1335,125,0,4406.001425341934,51.663761945876516,37.88523489251188,3.288,34.061055999999915,1.168,0.4117760000000016,2.872,203.07161599999986,4.9896,226.98123744000003,5.75408,9.941153753599998,75.49192,2594.0891835135985,0.71592,12.565083353600004,18.729039999999998,1289.6323078784003,125.0,25.389580076541208,4.879083853870905,0.44846796657381616,0.44846796657381616
2023,MCT.4.61.1335,273,0,5943.196939808236,57.98951035793786,43.39829879146491,3.0073260073260073,24.59335292302331,1.1904761904761905,0.41060526774812883,2.0952380952380953,55.22902494331073,2.0689743589743586,18.412626054287582,5.39120879120879,31.447348355673565,78.71802197802198,4369.548827589264,0.2699633699633696,0.9047615371197717,22.80978021978022,1420.88044097734,273.0,113.04894114490153,20.10223642172524,0.21328671328671328,0.21328671328671328
2024,MCT.4.61.1335,51,0,7681.374376078428,78.21645008865599,68.73583787054787,2.6470588235294117,22.895040369088814,1.1568627450980393,0.3675509419454058,1.6666666666666667,12.104575163398705,1.334313725490196,3.4480598231449444,5.3623529411764705,10.701935640138407,93.07470588235293,5350.1844955017295,1.13,5.524682352941166,38.78843137254902,2125.532852441367,51.0,26.59718361273899,9.519104084321476,0.3058823529411765,0.3058823529411765
