year,unw_Ave_citations_value,wdocs_Ave_citations_value,unw_Ave_references_value,wdocs_Ave_references_value,unw_Percent_of_documents_Int_Coll_value,wdocs_Percent_of_documents_Int_Coll_value,unw_Ave_authorships_value,wdocs_Ave_authorships_value
1980,0.34615384615384615,0.6713286713286714,0.4230769230769231,0.6573426573426573,0.7692307692307693,0.8111888111888111,0.6538461538461539,0.7762237762237763
1981,0.31746031746031744,0.6148867313915858,0.30158730158730157,0.6763754045307443,0.7619047619047619,0.6148867313915858,0.7619047619047619,0.5760517799352751
1982,0.6379310344827587,0.9050279329608939,0.5,0.5754189944134078,0.7931034482758621,0.6675977653631285,0.7413793103448276,0.6424581005586593
1983,0.4,0.8362573099415205,0.2857142857142857,0.7192982456140351,0.8,0.6783625730994152,0.7142857142857143,0.9298245614035088
1984,0.5111111111111111,0.8571428571428571,0.3333333333333333,0.6363636363636364,0.8222222222222222,0.670995670995671,0.6666666666666666,0.5974025974025974
1985,0.3939393939393939,0.7815533980582524,0.36363636363636365,0.7766990291262136,0.8181818181818182,0.7815533980582524,0.7575757575757576,0.7475728155339806
1986,0.3333333333333333,0.9040404040404041,0.3888888888888889,0.9292929292929293,0.6111111111111112,0.9191919191919192,0.8333333333333334,0.8939393939393939
1987,0.45454545454545453,0.5579678679982631,0.3356643356643357,0.401650021710812,0.6573426573426573,0.7277464177160226,0.7027972027972028,0.860616587060356
1988,0.4140625,0.4683760683760684,0.28125,0.49572649572649574,0.6875,0.48034188034188036,0.6875,0.49914529914529915
1989,0.4262295081967213,0.6812749003984063,0.3442622950819672,0.7450199203187251,0.8032786885245902,0.6772908366533864,0.7704918032786885,0.6573705179282868
1990,0.49411764705882355,0.8085106382978723,0.3411764705882353,0.449468085106383,0.6823529411764706,0.6436170212765957,0.8,0.9202127659574468
1991,0.36475409836065575,0.5054945054945055,0.38934426229508196,0.522977022977023,0.6721311475409836,0.6778221778221778,0.5819672131147541,0.49000999000999
1992,0.32589285714285715,0.5015832805573147,0.3482142857142857,0.48068397720075995,0.6875,0.6554781507283091,0.5714285714285714,0.49398353388220395
1993,0.4368932038834951,0.5658362989323843,0.3592233009708738,0.5142348754448398,0.7766990291262136,0.6298932384341637,0.5922330097087378,0.5195729537366548
1994,0.3333333333333333,0.5501618122977346,0.3492063492063492,0.6957928802588996,0.746031746031746,0.6148867313915858,0.746031746031746,0.8543689320388349
1995,0.40718562874251496,0.4930817610062893,0.3652694610778443,0.5320754716981132,0.7365269461077845,0.49559748427672956,0.6467065868263473,0.4779874213836478
1996,0.28907563025210087,0.41351963746223563,0.3310924369747899,0.36178247734138974,0.6252100840336134,0.49697885196374625,0.3899159663865546,0.49055891238670696
1997,0.43333333333333335,0.5275482093663911,0.31333333333333335,0.5082644628099173,0.68,0.5840220385674931,0.6,0.5082644628099173
1998,0.296875,0.6328125,0.390625,0.6375,0.6875,0.66875,0.59375,0.83125
1999,0.3763440860215054,0.5307125307125307,0.41935483870967744,0.6339066339066339,0.6989247311827957,0.5995085995085995,0.5806451612903226,0.5945945945945946
2000,0.2709677419354839,0.6395939086294417,0.3870967741935484,0.6243654822335025,0.7483870967741936,0.5245346869712352,0.5870967741935483,0.6243654822335025
2001,0.3464566929133858,0.5659655831739961,0.36220472440944884,0.5927342256214149,0.7007874015748031,0.6539196940726577,0.5590551181102362,0.5927342256214149
2002,0.2897196261682243,0.7153419593345656,0.35514018691588783,0.7060998151571165,0.8130841121495327,0.6543438077634011,0.5794392523364486,0.6598890942698706
2003,0.2913907284768212,0.6314496314496314,0.2980132450331126,0.6732186732186732,0.7218543046357616,0.7027027027027027,0.5231788079470199,0.597051597051597
2004,0.2723735408560311,0.4651741293532338,0.27626459143968873,0.5771144278606966,0.7431906614785992,0.48134328358208955,0.5369649805447471,0.6878109452736318
2005,0.275,0.6957547169811321,0.2875,0.7004716981132075,0.75,0.7099056603773585,0.575,0.6191037735849056
2006,0.28640776699029125,0.6424517593643587,0.28640776699029125,0.601589103291714,0.6893203883495146,0.5811577752553916,0.470873786407767,0.6106696935300795
2007,0.2786885245901639,0.5823754789272031,0.32786885245901637,0.6111111111111112,0.7377049180327869,0.5498084291187739,0.5245901639344263,0.710727969348659
2008,0.28825622775800713,0.6317957166392092,0.302491103202847,0.6186161449752883,0.7188612099644128,0.6194398682042833,0.46619217081850534,0.6095551894563427
2009,0.28448275862068967,0.6571428571428571,0.33620689655172414,0.6133333333333333,0.6982758620689655,0.6371428571428571,0.43103448275862066,0.6247619047619047
2010,0.2850678733031674,0.6669557675628794,0.2895927601809955,0.6487424111014745,0.665158371040724,0.6149176062445794,0.47058823529411764,0.6799653078924545
2011,0.3380952380952381,0.6293900184842883,0.29523809523809524,0.6414048059149723,0.7,0.677449168207024,0.42857142857142855,0.7624768946395564
2012,0.2975609756097561,0.7332139659803044,0.3024390243902439,0.7358997314234557,0.6878048780487804,0.640107430617726,0.3951219512195122,0.7555953446732319
2013,0.27450980392156865,0.6987281399046105,0.30980392156862746,0.6661367249602543,0.7058823529411765,0.629570747217806,0.44313725490196076,0.7281399046104928
2014,0.3076923076923077,0.6923076923076923,0.29411764705882354,0.6791958041958042,0.5972850678733032,0.625,0.46153846153846156,0.7788461538461539
2015,0.37320574162679426,0.7036669970267592,0.28708133971291866,0.6788899900891973,0.6411483253588517,0.6442021803766105,0.41148325358851673,0.7294350842418236
2016,0.34296028880866425,0.6042654028436019,0.2924187725631769,0.5774091627172195,0.6425992779783394,0.6121642969984202,0.4729241877256318,0.7101105845181674
2017,0.3755656108597285,0.650261780104712,0.3031674208144796,0.650261780104712,0.669683257918552,0.5654450261780105,0.4434389140271493,0.7151832460732984
2018,0.38497652582159625,0.6629213483146067,0.3380281690140845,0.5892634207240949,0.7089201877934272,0.5642946317103621,0.4788732394366197,0.7528089887640449
2019,0.34317343173431736,0.5733063700707786,0.3173431734317343,0.48938321536905965,0.6199261992619927,0.5298281092012134,0.5239852398523985,0.7684529828109201
2020,0.37799043062200954,0.642754662840746,0.3349282296650718,0.5064562410329986,0.6794258373205742,0.5279770444763271,0.5167464114832536,0.7388809182209469
2021,0.42028985507246375,0.6547619047619048,0.34057971014492755,0.6333333333333333,0.6956521739130435,0.5,0.5289855072463768,0.8047619047619048
2022,0.6,0.7632311977715878,0.376,0.6768802228412256,0.752,0.44846796657381616,0.6,0.7799442896935933
2023,0.8058608058608059,0.8374125874125874,0.3626373626373626,0.527972027972028,0.6813186813186813,0.4230769230769231,0.5567765567765568,0.6958041958041958
2024,0.8431372549019608,0.8941176470588236,0.37254901960784315,0.47058823529411764,0.5490196078431373,0.35294117647058826,0.5882352941176471,0.6941176470588235
