year,unw_Ave_citations_baja,wdocs_Ave_citations_baja,unw_Ave_citations_media,wdocs_Ave_citations_media,unw_Ave_citations_media_alta,wdocs_Ave_citations_media_alta,unw_Ave_citations_alta,wdocs_Ave_citations_alta,unw_Ave_references_baja,wdocs_Ave_references_baja,unw_Ave_references_media,wdocs_Ave_references_media,unw_Ave_references_media_alta,wdocs_Ave_references_media_alta,unw_Ave_references_alta,wdocs_Ave_references_alta,unw_Percent_of_documents_Int_Coll_baja,wdocs_Percent_of_documents_Int_Coll_baja,unw_Percent_of_documents_Int_Coll_media,wdocs_Percent_of_documents_Int_Coll_media,unw_Percent_of_documents_Int_Coll_media_alta,wdocs_Percent_of_documents_Int_Coll_media_alta,unw_Ave_authorships_baja,wdocs_Ave_authorships_baja,unw_Ave_authorships_media,wdocs_Ave_authorships_media,unw_Ave_authorships_alta,wdocs_Ave_authorships_alta
1980,0.15384615384615385,0.027972027972027972,0.2692307692307692,0.04895104895104895,0.23076923076923078,0.6713286713286714,0.34615384615384615,0.2517482517482518,0.11538461538461539,0.02097902097902098,0.19230769230769232,0.6573426573426573,0.2692307692307692,0.13286713286713286,0.4230769230769231,0.1888111888111888,0.7692307692307693,0.1888111888111888,0.0,0.0,0.23076923076923078,0.8111888111888111,0.6538461538461539,0.7762237762237763,0.23076923076923078,0.20279720279720279,0.11538461538461539,0.02097902097902098
1981,0.15873015873015872,0.04854368932038835,0.2857142857142857,0.06796116504854369,0.23809523809523808,0.6148867313915858,0.31746031746031744,0.2686084142394822,0.2698412698412698,0.06472491909385113,0.30158730158730157,0.6763754045307443,0.14285714285714285,0.06796116504854369,0.2857142857142857,0.19093851132686085,0.7619047619047619,0.24271844660194175,0.047619047619047616,0.6148867313915858,0.19047619047619047,0.1423948220064725,0.7619047619047619,0.3559870550161812,0.07936507936507936,0.5760517799352751,0.15873015873015872,0.06796116504854369
1982,0.06896551724137931,0.0111731843575419,0.15517241379310345,0.027932960893854747,0.13793103448275862,0.055865921787709494,0.6379310344827587,0.9050279329608939,0.1724137931034483,0.05307262569832402,0.13793103448275862,0.5754189944134078,0.1896551724137931,0.13966480446927373,0.5,0.23184357541899442,0.7931034482758621,0.2877094972067039,0.10344827586206896,0.6675977653631285,0.10344827586206896,0.0446927374301676,0.7413793103448276,0.3324022346368715,0.1724137931034483,0.6424581005586593,0.08620689655172414,0.025139664804469275
1983,0.14285714285714285,0.029239766081871343,0.14285714285714285,0.03508771929824561,0.4,0.8362573099415205,0.3142857142857143,0.09941520467836257,0.2857142857142857,0.0935672514619883,0.2857142857142857,0.7192982456140351,0.22857142857142856,0.08187134502923976,0.2,0.10526315789473684,0.8,0.27485380116959063,0.05714285714285714,0.6783625730994152,0.14285714285714285,0.04678362573099415,0.7142857142857143,0.9298245614035088,0.14285714285714285,0.029239766081871343,0.14285714285714285,0.04093567251461988
1984,0.15555555555555556,0.030303030303030304,0.2222222222222222,0.05194805194805195,0.1111111111111111,0.06060606060606061,0.5111111111111111,0.8571428571428571,0.17777777777777778,0.04329004329004329,0.28888888888888886,0.6363636363636364,0.2,0.1471861471861472,0.3333333333333333,0.17316017316017315,0.8222222222222222,0.30303030303030304,0.08888888888888889,0.670995670995671,0.08888888888888889,0.025974025974025976,0.6666666666666666,0.2554112554112554,0.17777777777777778,0.5974025974025974,0.15555555555555556,0.1471861471861472
1985,0.18181818181818182,0.043689320388349516,0.24242424242424243,0.07281553398058252,0.18181818181818182,0.7815533980582524,0.3939393939393939,0.10194174757281553,0.3333333333333333,0.10194174757281553,0.18181818181818182,0.7766990291262136,0.12121212121212122,0.019417475728155338,0.36363636363636365,0.10194174757281553,0.8181818181818182,0.18446601941747573,0.06060606060606061,0.7815533980582524,0.12121212121212122,0.03398058252427184,0.7575757575757576,0.21844660194174756,0.06060606060606061,0.7475728155339806,0.18181818181818182,0.03398058252427184
1986,0.2777777777777778,0.045454545454545456,0.16666666666666666,0.015151515151515152,0.2222222222222222,0.9040404040404041,0.3333333333333333,0.03535353535353535,0.3333333333333333,0.030303030303030304,0.3888888888888889,0.9292929292929293,0.1111111111111111,0.020202020202020204,0.16666666666666666,0.020202020202020204,0.6111111111111112,0.05555555555555555,0.05555555555555555,0.025252525252525252,0.3333333333333333,0.9191919191919192,0.8333333333333334,0.10606060606060606,0.0,0.0,0.16666666666666666,0.8939393939393939
1987,0.13286713286713286,0.0243161094224924,0.19230769230769232,0.053842813721233174,0.2202797202797203,0.3638732088580113,0.45454545454545453,0.5579678679982631,0.3356643356643357,0.401650021710812,0.18181818181818182,0.21710811984368214,0.1993006993006993,0.19148936170212766,0.28321678321678323,0.1897524967433782,0.6573426573426573,0.16717325227963525,0.17482517482517482,0.7277464177160226,0.16783216783216784,0.10508033000434217,0.7027972027972028,0.860616587060356,0.12937062937062938,0.09422492401215805,0.16783216783216784,0.04515848892748589
1988,0.1796875,0.05128205128205128,0.2109375,0.08888888888888889,0.1953125,0.4683760683760684,0.4140625,0.39145299145299145,0.28125,0.11282051282051282,0.2734375,0.49572649572649574,0.203125,0.25811965811965815,0.2421875,0.13333333333333333,0.6875,0.2512820512820513,0.0859375,0.48034188034188036,0.2265625,0.26837606837606837,0.6875,0.4598290598290598,0.21875,0.49914529914529915,0.09375,0.041025641025641026
1989,0.09836065573770492,0.03187250996015936,0.4262295081967213,0.16733067729083664,0.21311475409836064,0.6812749003984063,0.26229508196721313,0.11952191235059761,0.3442622950819672,0.099601593625498,0.2786885245901639,0.7450199203187251,0.11475409836065574,0.03187250996015936,0.26229508196721313,0.12350597609561753,0.8032786885245902,0.26294820717131473,0.04918032786885246,0.05976095617529881,0.14754098360655737,0.6772908366533864,0.7704918032786885,0.3147410358565737,0.14754098360655737,0.6573705179282868,0.08196721311475409,0.027888446215139442
1990,0.12941176470588237,0.031914893617021274,0.18823529411764706,0.061170212765957445,0.18823529411764706,0.09840425531914894,0.49411764705882355,0.8085106382978723,0.27058823529411763,0.449468085106383,0.23529411764705882,0.1196808510638298,0.15294117647058825,0.23670212765957446,0.3411764705882353,0.19414893617021275,0.6823529411764706,0.27393617021276595,0.10588235294117647,0.6436170212765957,0.21176470588235294,0.08244680851063829,0.8,0.9202127659574468,0.11764705882352941,0.05585106382978723,0.08235294117647059,0.023936170212765957
1991,0.12704918032786885,0.023976023976023976,0.2540983606557377,0.07992007992007992,0.2540983606557377,0.5054945054945055,0.36475409836065575,0.3906093906093906,0.38934426229508196,0.522977022977023,0.24180327868852458,0.22977022977022976,0.18442622950819673,0.16033966033966035,0.18442622950819673,0.08691308691308691,0.6721311475409836,0.20679320679320679,0.14344262295081966,0.6778221778221778,0.18442622950819673,0.11538461538461539,0.5819672131147541,0.43006993006993005,0.22540983606557377,0.49000999000999,0.19262295081967212,0.07992007992007992
1992,0.19196428571428573,0.03609879670677644,0.17857142857142858,0.06396453451551615,0.32589285714285715,0.5015832805573147,0.30357142857142855,0.3983533882203927,0.3482142857142857,0.48068397720075995,0.29017857142857145,0.32488917036098797,0.16964285714285715,0.11906269791006967,0.19196428571428573,0.07536415452818239,0.6875,0.19189360354654844,0.15178571428571427,0.6554781507283091,0.16071428571428573,0.1526282457251425,0.5714285714285714,0.4053198226725776,0.24553571428571427,0.49398353388220395,0.18303571428571427,0.10069664344521849
1993,0.11650485436893204,0.023131672597864767,0.2524271844660194,0.0693950177935943,0.1941747572815534,0.5658362989323843,0.4368932038834951,0.3416370106761566,0.21359223300970873,0.0711743772241993,0.1941747572815534,0.5142348754448398,0.23300970873786409,0.10676156583629894,0.3592233009708738,0.30782918149466193,0.7766990291262136,0.2793594306049822,0.05825242718446602,0.6298932384341637,0.1650485436893204,0.09074733096085409,0.5922330097087378,0.40391459074733094,0.1553398058252427,0.5195729537366548,0.2524271844660194,0.07651245551601424
1994,0.20634920634920634,0.061488673139158574,0.20634920634920634,0.06796116504854369,0.25396825396825395,0.5501618122977346,0.3333333333333333,0.32038834951456313,0.3492063492063492,0.1262135922330097,0.23809523809523808,0.6957928802588996,0.14285714285714285,0.06472491909385113,0.2698412698412698,0.11326860841423948,0.746031746031746,0.2912621359223301,0.07936507936507936,0.6148867313915858,0.1746031746031746,0.09385113268608414,0.746031746031746,0.8543689320388349,0.14285714285714285,0.07119741100323625,0.1111111111111111,0.0744336569579288
1995,0.16167664670658682,0.0389937106918239,0.23353293413173654,0.09937106918238994,0.19760479041916168,0.4930817610062893,0.40718562874251496,0.36855345911949683,0.3652694610778443,0.5320754716981132,0.19760479041916168,0.13584905660377358,0.2275449101796407,0.19371069182389938,0.20958083832335328,0.13836477987421383,0.7365269461077845,0.3421383647798742,0.04790419161676647,0.49559748427672956,0.2155688622754491,0.16226415094339622,0.6467065868263473,0.4477987421383648,0.19161676646706588,0.4779874213836478,0.16167664670658682,0.07421383647798742
1996,0.1949579831932773,0.06268882175226587,0.22857142857142856,0.12348942598187311,0.28907563025210087,0.41351963746223563,0.28739495798319326,0.4003021148036254,0.19663865546218487,0.2669939577039275,0.24033613445378152,0.16351963746223566,0.3310924369747899,0.36178247734138974,0.2319327731092437,0.20770392749244712,0.6252100840336134,0.27983383685800606,0.1092436974789916,0.49697885196374625,0.26554621848739496,0.22318731117824772,0.33949579831932775,0.17900302114803626,0.27058823529411763,0.49055891238670696,0.3899159663865546,0.3304380664652568
1997,0.12,0.03168044077134986,0.22,0.081267217630854,0.22666666666666666,0.5275482093663911,0.43333333333333335,0.359504132231405,0.31333333333333335,0.5082644628099173,0.23333333333333334,0.1859504132231405,0.25333333333333335,0.18181818181818182,0.2,0.12396694214876033,0.68,0.2768595041322314,0.09333333333333334,0.5840220385674931,0.22666666666666666,0.13911845730027547,0.6,0.43526170798898073,0.24,0.5082644628099173,0.16,0.05647382920110193
1998,0.171875,0.05,0.2578125,0.075,0.296875,0.6328125,0.2734375,0.2421875,0.390625,0.6375,0.203125,0.1765625,0.2265625,0.103125,0.1796875,0.0828125,0.6875,0.2421875,0.09375,0.66875,0.21875,0.0890625,0.59375,0.83125,0.2265625,0.115625,0.1796875,0.053125
1999,0.1935483870967742,0.05896805896805897,0.21505376344086022,0.5307125307125307,0.21505376344086022,0.14004914004914004,0.3763440860215054,0.2702702702702703,0.41935483870967744,0.6339066339066339,0.27956989247311825,0.20393120393120392,0.16129032258064516,0.12776412776412777,0.13978494623655913,0.0343980343980344,0.6989247311827957,0.3022113022113022,0.08602150537634409,0.5995085995085995,0.21505376344086022,0.09828009828009827,0.5806451612903226,0.33415233415233414,0.2903225806451613,0.5945945945945946,0.12903225806451613,0.07125307125307126
2000,0.2709677419354839,0.10829103214890017,0.2645161290322581,0.116751269035533,0.2,0.6395939086294417,0.2645161290322581,0.1353637901861252,0.3870967741935484,0.19627749576988154,0.2645161290322581,0.6243654822335025,0.15483870967741936,0.08967851099830795,0.1935483870967742,0.08967851099830795,0.7483870967741936,0.34348561759729274,0.03225806451612903,0.5245346869712352,0.21935483870967742,0.1319796954314721,0.5870967741935483,0.2961082910321489,0.23870967741935484,0.6243654822335025,0.17419354838709677,0.07952622673434856
2001,0.2283464566929134,0.08604206500956023,0.23622047244094488,0.09560229445506692,0.1889763779527559,0.5659655831739961,0.3464566929133858,0.25239005736137665,0.36220472440944884,0.5927342256214149,0.18110236220472442,0.124282982791587,0.2440944881889764,0.17208413001912046,0.2125984251968504,0.11089866156787763,0.7007874015748031,0.26577437858508607,0.10236220472440945,0.6539196940726577,0.1968503937007874,0.08030592734225621,0.5590551181102362,0.30210325047801145,0.1889763779527559,0.5927342256214149,0.25196850393700787,0.10516252390057361
2002,0.16822429906542055,0.04251386321626617,0.2897196261682243,0.12199630314232902,0.2616822429906542,0.7153419593345656,0.2803738317757009,0.12014787430683918,0.35514018691588783,0.11829944547134935,0.2803738317757009,0.7060998151571165,0.17757009345794392,0.09796672828096119,0.18691588785046728,0.07763401109057301,0.8130841121495327,0.30129390018484287,0.06542056074766354,0.6543438077634011,0.12149532710280374,0.04436229205175601,0.5794392523364486,0.23844731977818853,0.22429906542056074,0.6598890942698706,0.19626168224299065,0.10166358595194085
2003,0.19205298013245034,0.03931203931203931,0.271523178807947,0.10442260442260443,0.24503311258278146,0.6314496314496314,0.2913907284768212,0.22481572481572482,0.2980132450331126,0.09950859950859951,0.271523178807947,0.6732186732186732,0.25165562913907286,0.1597051597051597,0.17880794701986755,0.06756756756756757,0.7218543046357616,0.21744471744471744,0.08609271523178808,0.7027027027027027,0.19205298013245034,0.07985257985257985,0.5231788079470199,0.300982800982801,0.1986754966887417,0.597051597051597,0.2781456953642384,0.10196560196560196
2004,0.22957198443579765,0.08830845771144279,0.2490272373540856,0.4651741293532338,0.2490272373540856,0.20024875621890548,0.2723735408560311,0.2462686567164179,0.24124513618677043,0.11069651741293532,0.2529182879377432,0.5771144278606966,0.27626459143968873,0.19776119402985073,0.22957198443579765,0.11442786069651742,0.7431906614785992,0.3718905472636816,0.05058365758754864,0.48134328358208955,0.20622568093385213,0.14676616915422885,0.5369649805447471,0.6878109452736318,0.16731517509727625,0.12064676616915423,0.29571984435797666,0.19154228855721392
2005,0.2625,0.060141509433962265,0.20625,0.0660377358490566,0.275,0.6957547169811321,0.25625,0.17806603773584906,0.2375,0.0695754716981132,0.2,0.7004716981132075,0.2875,0.1214622641509434,0.275,0.10849056603773585,0.75,0.21462264150943397,0.08125,0.7099056603773585,0.16875,0.07547169811320754,0.575,0.30660377358490565,0.1625,0.07429245283018868,0.2625,0.6191037735849056
2006,0.23300970873786409,0.07150964812712826,0.22330097087378642,0.08399545970488081,0.25728155339805825,0.6424517593643587,0.28640776699029125,0.20204313280363223,0.28640776699029125,0.10669693530079455,0.24757281553398058,0.601589103291714,0.23786407766990292,0.1611804767309875,0.22815533980582525,0.13053348467650397,0.6893203883495146,0.24290578887627695,0.06796116504854369,0.5811577752553916,0.24271844660194175,0.17593643586833144,0.470873786407767,0.22020431328036322,0.21359223300970873,0.6106696935300795,0.3155339805825243,0.16912599318955732
2007,0.2459016393442623,0.07088122605363985,0.2786885245901639,0.5823754789272031,0.27049180327868855,0.18582375478927204,0.20491803278688525,0.16091954022988506,0.32786885245901637,0.12452107279693486,0.319672131147541,0.6111111111111112,0.23770491803278687,0.20306513409961685,0.11475409836065574,0.06130268199233716,0.7377049180327869,0.2720306513409962,0.09016393442622951,0.5498084291187739,0.1721311475409836,0.1781609195402299,0.5245901639344263,0.710727969348659,0.27049180327868855,0.20306513409961685,0.20491803278688525,0.08620689655172414
2008,0.23487544483985764,0.06589785831960461,0.28825622775800713,0.11943986820428336,0.24199288256227758,0.6317957166392092,0.23487544483985764,0.1828665568369028,0.302491103202847,0.11532125205930807,0.24555160142348753,0.6186161449752883,0.24555160142348753,0.14662273476112025,0.20640569395017794,0.11943986820428336,0.7188612099644128,0.257001647446458,0.06405693950177936,0.6194398682042833,0.21708185053380782,0.12355848434925865,0.46619217081850534,0.23476112026359144,0.18505338078291814,0.6095551894563427,0.3487544483985765,0.1556836902800659
2009,0.2629310344827586,0.06476190476190476,0.25,0.1,0.28448275862068967,0.6571428571428571,0.2025862068965517,0.17809523809523808,0.33620689655172414,0.11904761904761904,0.21982758620689655,0.6133333333333333,0.1939655172413793,0.1295238095238095,0.25,0.1380952380952381,0.6982758620689655,0.24761904761904763,0.07758620689655173,0.6371428571428571,0.22413793103448276,0.11523809523809524,0.43103448275862066,0.21904761904761905,0.23275862068965517,0.6247619047619047,0.33620689655172414,0.15619047619047619
2010,0.2081447963800905,0.05290546400693842,0.2850678733031674,0.11361665221162186,0.27149321266968324,0.6669557675628794,0.23529411764705882,0.16652211621856028,0.19909502262443438,0.05897658282740677,0.24434389140271492,0.6487424111014745,0.2895927601809955,0.18560277536860365,0.2669683257918552,0.10667823070251518,0.665158371040724,0.19080659150043366,0.05429864253393665,0.6149176062445794,0.28054298642533937,0.194275802254987,0.47058823529411764,0.20901994796183868,0.23076923076923078,0.11101474414570685,0.2986425339366516,0.6799653078924545
2011,0.19047619047619047,0.04621072088724584,0.3380952380952381,0.13031423290203328,0.24285714285714285,0.6293900184842883,0.22857142857142856,0.19408502772643252,0.28095238095238095,0.09242144177449169,0.29523809523809524,0.6414048059149723,0.22857142857142856,0.11737523105360444,0.19523809523809524,0.1487985212569316,0.7,0.21626617375231053,0.07142857142857142,0.677449168207024,0.22857142857142856,0.10628465804066543,0.42857142857142855,0.17837338262476896,0.1619047619047619,0.059149722735674676,0.4095238095238095,0.7624768946395564
2012,0.22439024390243903,0.05729632945389436,0.2975609756097561,0.10653536257833482,0.2780487804878049,0.7332139659803044,0.2,0.10295434198746643,0.24878048780487805,0.07072515666965085,0.3024390243902439,0.7358997314234557,0.23902439024390243,0.11190689346463742,0.2097560975609756,0.08146821844225605,0.6878048780487804,0.22112802148612354,0.04390243902439024,0.640107430617726,0.2682926829268293,0.1387645478961504,0.3853658536585366,0.1414503133393017,0.21951219512195122,0.10295434198746643,0.3951219512195122,0.7555953446732319
2013,0.23529411764705882,0.06279809220985691,0.27450980392156865,0.11128775834658187,0.25882352941176473,0.6987281399046105,0.23137254901960785,0.1271860095389507,0.23529411764705882,0.07074721780604133,0.30980392156862746,0.6661367249602543,0.2235294117647059,0.1359300476947536,0.23137254901960785,0.1271860095389507,0.7058823529411765,0.22098569157392686,0.054901960784313725,0.629570747217806,0.23921568627450981,0.1494435612082671,0.3803921568627451,0.13910969793322733,0.17647058823529413,0.1327503974562798,0.44313725490196076,0.7281399046104928
2014,0.2081447963800905,0.055944055944055944,0.3076923076923077,0.0979020979020979,0.2398190045248869,0.6923076923076923,0.24434389140271492,0.15384615384615385,0.21266968325791855,0.05944055944055944,0.29411764705882354,0.6791958041958042,0.23076923076923078,0.11538461538461539,0.26244343891402716,0.145979020979021,0.5972850678733032,0.17220279720279721,0.05429864253393665,0.625,0.34841628959276016,0.20279720279720279,0.3438914027149321,0.11276223776223776,0.19457013574660634,0.10839160839160839,0.46153846153846156,0.7788461538461539
2015,0.2631578947368421,0.06640237859266601,0.37320574162679426,0.7036669970267592,0.22488038277511962,0.13875123885034688,0.13875598086124402,0.09117938553022795,0.20095693779904306,0.05649157581764123,0.28708133971291866,0.6788899900891973,0.27751196172248804,0.14370664023785926,0.23444976076555024,0.12091179385530228,0.6411483253588517,0.21506442021803765,0.07655502392344497,0.6442021803766105,0.2822966507177033,0.14073339940535184,0.37799043062200954,0.1278493557978196,0.21052631578947367,0.14271555996035679,0.41148325358851673,0.7294350842418236
2016,0.24187725631768953,0.05845181674565561,0.34296028880866425,0.6042654028436019,0.22743682310469315,0.21879936808846762,0.18772563176895307,0.11848341232227488,0.21660649819494585,0.0750394944707741,0.24548736462093862,0.5774091627172195,0.2924187725631769,0.21642969984202212,0.24548736462093862,0.13112164296998421,0.6425992779783394,0.21800947867298578,0.07942238267148015,0.6121642969984202,0.2779783393501805,0.16982622432859398,0.30324909747292417,0.1066350710900474,0.22382671480144403,0.18325434439178515,0.4729241877256318,0.7101105845181674
2017,0.24434389140271492,0.07958115183246073,0.3755656108597285,0.650261780104712,0.23076923076923078,0.14764397905759163,0.1493212669683258,0.1225130890052356,0.2081447963800905,0.07015706806282722,0.3031674208144796,0.650261780104712,0.27149321266968324,0.15916230366492146,0.2171945701357466,0.12041884816753927,0.669683257918552,0.24607329842931938,0.049773755656108594,0.5654450261780105,0.28054298642533937,0.18848167539267016,0.3574660633484163,0.14554973821989528,0.19909502262443438,0.13926701570680627,0.4434389140271493,0.7151832460732984
2018,0.28169014084507044,0.07990012484394507,0.38497652582159625,0.6629213483146067,0.18779342723004694,0.16104868913857678,0.14553990610328638,0.09612983770287141,0.18309859154929578,0.05742821473158552,0.215962441314554,0.5892634207240949,0.26291079812206575,0.1348314606741573,0.3380281690140845,0.2184769038701623,0.7089201877934272,0.25218476903870163,0.03286384976525822,0.5642946317103621,0.25821596244131456,0.18352059925093633,0.3427230046948357,0.1136079900124844,0.1784037558685446,0.13358302122347065,0.4788732394366197,0.7528089887640449
2019,0.30996309963099633,0.1172901921132457,0.34317343173431736,0.5733063700707786,0.23985239852398524,0.23053589484327602,0.1070110701107011,0.0788675429726997,0.15867158671586715,0.05358948432760364,0.2177121771217712,0.48938321536905965,0.3062730627306273,0.1911021233569262,0.3173431734317343,0.2659251769464105,0.6199261992619927,0.25075834175935285,0.07380073800738007,0.5298281092012134,0.3062730627306273,0.21941354903943378,0.2878228782287823,0.1122345803842265,0.1881918819188192,0.11931243680485339,0.5239852398523985,0.7684529828109201
2020,0.37799043062200954,0.16212338593974174,0.36363636363636365,0.642754662840746,0.21052631578947367,0.16929698708751795,0.04784688995215311,0.02582496413199426,0.14354066985645933,0.05308464849354376,0.22966507177033493,0.5064562410329986,0.291866028708134,0.1750358680057389,0.3349282296650718,0.2654232424677188,0.6794258373205742,0.28694404591104733,0.07655502392344497,0.5279770444763271,0.24401913875598086,0.18507890961262555,0.2966507177033493,0.11908177905308465,0.18660287081339713,0.14203730272596843,0.5167464114832536,0.7388809182209469
2021,0.42028985507246375,0.18333333333333332,0.32608695652173914,0.6547619047619048,0.18840579710144928,0.1261904761904762,0.06521739130434782,0.03571428571428571,0.16666666666666666,0.06190476190476191,0.2028985507246377,0.10714285714285714,0.2898550724637681,0.6333333333333333,0.34057971014492755,0.1976190476190476,0.6956521739130435,0.3119047619047619,0.014492753623188406,0.5,0.2898550724637681,0.1880952380952381,0.3188405797101449,0.14047619047619048,0.15217391304347827,0.05476190476190476,0.5289855072463768,0.8047619047619048
2022,0.6,0.7632311977715878,0.256,0.1671309192200557,0.128,0.06406685236768803,0.016,0.005571030640668524,0.08,0.03064066852367688,0.176,0.08356545961002786,0.376,0.6768802228412256,0.368,0.20891364902506965,0.752,0.3983286908077994,0.008,0.44846796657381616,0.24,0.1532033426183844,0.216,0.08356545961002786,0.184,0.13649025069637882,0.6,0.7799442896935933
2023,0.8058608058608059,0.8374125874125874,0.14285714285714285,0.13286713286713286,0.040293040293040296,0.024475524475524476,0.01098901098901099,0.005244755244755245,0.08791208791208792,0.045454545454545456,0.22344322344322345,0.12237762237762238,0.3626373626373626,0.527972027972028,0.326007326007326,0.3041958041958042,0.6813186813186813,0.4230769230769231,0.040293040293040296,0.3111888111888112,0.2783882783882784,0.26573426573426573,0.3076923076923077,0.19230769230769232,0.13553113553113552,0.11188811188811189,0.5567765567765568,0.6958041958041958
2024,0.8431372549019608,0.8941176470588236,0.1568627450980392,0.10588235294117647,0.0,0.0,0.0,0.0,0.0784313725490196,0.047058823529411764,0.27450980392156865,0.47058823529411764,0.27450980392156865,0.21176470588235294,0.37254901960784315,0.27058823529411763,0.5490196078431373,0.3411764705882353,0.0196078431372549,0.3058823529411765,0.43137254901960786,0.35294117647058826,0.3137254901960784,0.2235294117647059,0.09803921568627451,0.08235294117647059,0.5882352941176471,0.6941176470588235
