year,unw_label_Ave_citations,wdocs_label_Ave_citations,unw_label_Ave_references,wdocs_label_Ave_references,unw_label_Ave_authorships,wdocs_label_Ave_authorships,unw_label_Percent_of_documents_Int_Coll,wdocs_label_Percent_of_documents_Int_Coll
1980,alta,media_alta,alta,media,baja,baja,media,media_alta
1981,alta,media_alta,media,media,baja,media,media,media
1982,alta,alta,alta,media,baja,media,media,media
1983,media_alta,media_alta,media,media,baja,baja,media,media
1984,alta,alta,alta,media,baja,media,media,media
1985,alta,media_alta,alta,media,baja,media,media,media
1986,alta,media_alta,baja,media,baja,alta,media,media_alta
1987,alta,alta,baja,baja,baja,baja,media,media
1988,alta,media_alta,media,media,baja,media,media,media
1989,media,media_alta,baja,media,baja,media,media,media_alta
1991,alta,media_alta,baja,baja,baja,media,media,media
1992,media_alta,media_alta,baja,baja,media,media,media,media
1993,alta,media_alta,alta,media,media,media,media,media
1994,alta,media_alta,baja,media,baja,baja,media,media
1995,alta,media_alta,baja,baja,baja,media,media,media
1996,media_alta,media_alta,media_alta,media_alta,media,media,media,media
1997,alta,media_alta,baja,baja,baja,media,media,media
1998,media_alta,media_alta,baja,baja,baja,baja,media,media
1999,alta,media,baja,baja,media,media,media,media
2000,baja,media_alta,baja,media,media,media,media,media
2001,alta,media_alta,baja,baja,media,media,media,media
2002,media,media_alta,baja,media,media,media,media,media
2003,alta,media_alta,baja,media,media,media,media,media
2004,alta,media,media_alta,media,baja,baja,media,media
2005,media_alta,media_alta,media_alta,media,baja,media,media,media
2006,media_alta,media_alta,media,media,media,media,media,media
2007,media_alta,media,media,media,media,baja,media,media
2008,media,media_alta,baja,media,media,media,media,media
2009,media_alta,media_alta,baja,media,media,media,media,media
2010,media_alta,media_alta,media_alta,media,media,media,media,media
2011,media,media_alta,media,media,alta,alta,media,media
2012,media,media_alta,media,media,alta,alta,media,media
2013,media,media_alta,media,media,alta,alta,media,media
2014,media,media_alta,media,media,alta,alta,media,media
2015,media,media,media,media,alta,alta,media,media
2016,media,media,media_alta,media,alta,alta,media,media
2017,media,media,media,media,alta,alta,media,media
2018,media,media,alta,media,alta,alta,media,media
2019,media,media,alta,media,alta,alta,media,media
2020,baja,media,alta,media,alta,alta,media,media
2021,baja,media,alta,media_alta,alta,alta,media,media
2022,baja,baja,media_alta,media_alta,alta,alta,media,media
2023,baja,baja,media_alta,media_alta,alta,alta,media,media
2024,baja,baja,alta,media,alta,alta,media,media
