year,unw_Ave_citations,wdocs_Ave_citations,unw_Ave_references,wdocs_Ave_references,unw_Percent_of_documents_Int_Coll,wdocs_Percent_of_documents_Int_Coll,unw_Ave_authorships,wdocs_Ave_authorships
1980,alta,alta,baja,media,baja,media,baja,baja
1981,baja,alta,baja,baja,baja,media,baja,baja
1982,alta,alta,baja,media,baja,media,baja,baja
1983,alta,alta,baja,media,baja,media,baja,baja
1984,baja,alta,baja,baja,baja,media,baja,baja
1985,alta,alta,baja,media,baja,media,baja,baja
1986,alta,alta,baja,baja,baja,media,baja,baja
1987,alta,alta,baja,media,baja,media,baja,baja
1988,alta,alta,baja,baja,baja,media,baja,baja
1989,alta,alta,baja,media,baja,media,baja,baja
1990,alta,alta,media,media,baja,media,baja,baja
1991,alta,alta,baja,media,baja,media,baja,baja
1992,media_alta,media_alta,baja,baja,baja,media,baja,baja
1993,alta,alta,baja,media,baja,media,baja,baja
1994,alta,alta,baja,baja,baja,media,baja,media
1995,alta,alta,baja,media,baja,media,baja,baja
1996,alta,media_alta,baja,baja,baja,media,baja,baja
1997,alta,media_alta,baja,media,baja,media,baja,baja
1998,alta,media_alta,baja,baja,baja,media,baja,baja
1999,alta,media_alta,baja,media,baja,media,baja,baja
2000,media_alta,media_alta,media,media,baja,media,baja,baja
2001,alta,media_alta,baja,media,baja,media,baja,baja
2002,alta,media_alta,baja,media,baja,media,baja,baja
2003,alta,media_alta,baja,media,baja,media,baja,baja
2004,media_alta,media_alta,baja,media,baja,media,baja,media
2005,alta,media_alta,baja,media,baja,media,baja,baja
2006,media_alta,media_alta,media,media,baja,media,alta,media
2007,media_alta,media_alta,baja,media,baja,media,baja,media
2008,media_alta,media_alta,media,media,baja,media,baja,media
2009,media_alta,media_alta,baja,media,baja,media,baja,media
2010,media_alta,media_alta,alta,media,baja,media,alta,media
2011,media_alta,media_alta,media,media,baja,media,alta,media
2012,media_alta,media_alta,alta,media,baja,media,alta,media
2013,media_alta,media_alta,alta,media,baja,media,alta,media
2014,media_alta,media_alta,alta,media,baja,media,alta,media
2015,baja,media_alta,alta,media,baja,media,media,media
2016,media,media_alta,media_alta,media,baja,media,alta,media
2017,baja,media_alta,alta,media,baja,media,alta,media
2018,baja,media_alta,media,media,baja,media,alta,media
2019,baja,media_alta,media_alta,media,baja,media,alta,media
2020,baja,media,alta,media,baja,media,alta,media
2021,baja,media,media_alta,media,baja,media,alta,media
2022,baja,media,media_alta,media_alta,baja,media,alta,media
2023,baja,media,alta,media_alta,baja,media,alta,media
2024,baja,baja,alta,media_alta,baja,media_alta,alta,media
