year,sage_pc1
1980,-0.17847358
1981,-0.05109925
1982,0.010254803
1983,-0.04123938
1984,-0.07173419
1985,-0.04636924
1986,0.0013344821
1987,-0.036061574
1988,-0.041354086
1989,-0.12892967
1990,-0.063894615
1991,-0.01775421
1992,0.010631218
1993,0.030973757
1994,-0.05212654
1995,0.004916713
1996,0.034937475
1997,-0.035154503
1998,-0.01984267
1999,-0.048282024
2000,-0.0055997595
2001,0.019011462
2002,0.040101945
2003,0.0022188206
2004,-0.0066895587
2005,-0.06338934
2006,0.02922366
2007,0.06328237
2008,-0.028203417
2009,0.044430733
2010,0.026192244
2011,0.04407085
2012,0.0005246175
2013,0.028036287
2014,0.058213275
2015,0.029410293
2016,0.026769392
2017,0.070059225
2018,0.075580046
2019,0.06377264
2020,-0.00030389425
2021,0.079574496
2022,0.06415731
2023,0.037938386
2024,0.040885348
