year,ego_id,n_alters,missing_in_csv,trace_cov,mean_dist_to_mu,median_dist_to_mu,mean_WoS Categories,var_WoS Categories,mean_Document Types,var_Document Types,"mean_Documents,","var_Documents,",mean_Ave. citations,var_Ave. citations,mean_Ave. authorships,var_Ave. authorships,mean_Ave. references,var_Ave. references,mean_Percent of documents,var_Percent of documents,mean_Percent of documents Int. Coll.,var_Percent of documents Int. Coll.,hill_q0,hill_q1,hill_q2,top1_share
1980,MCT.4.61.1460,103,0,19415.18106417285,82.49614077936772,53.61349558894401,3.4854368932038833,28.929399566405845,1.4368932038834952,2.1683476293713,5.058252427184466,567.1422377226907,48.737378640776704,15090.960549439153,2.8094174757281554,6.155351116976156,53.83834951456311,2531.66053611085,0.9278640776699074,19.168795437835836,15.832621359223301,980.4989436139135,58.0,9.200625067893988,3.8662953836512033,0.45489443378119004
1981,MCT.4.61.1460,72,0,1723954.1465202465,375.6024242329171,201.26271660611877,3.6944444444444446,29.82330246913581,1.5555555555555556,1.9969135802469096,4.958333333333333,364.59548611111046,199.42347222222222,1685026.7625865547,2.402777777777778,1.9154645061728408,81.97166666666665,13352.88843611111,1.3686111111111112,27.66585362654326,18.41722222222222,1204.6908867283944,42.0,8.601539236708309,3.44652370264204,0.5238095238095238
1982,MCT.4.61.1460,64,0,20803.11003866568,84.6571662600185,52.61963074275432,4.15625,47.7880859375,1.546875,1.904052734375,6.625,730.859375,31.28984375,3151.7718327880866,2.6143749999999994,1.9796464843749997,71.2559375,15509.905642871097,1.5137500000000024,38.09737968749994,16.1865625,995.7554288085948,35.0,5.679595126895024,2.421551724137931,0.6344339622641509
1983,MCT.4.61.1460,104,0,58742.71418670648,110.6276283958446,64.61553658614869,4.125,48.84014423076923,1.4807692307692308,1.6150147928993983,7.346153846153846,1823.3609467455574,51.02432692307692,24018.433061085416,2.7087499999999998,3.072689783653849,75.80682692307693,31042.3952678162,0.9490384615384599,30.35370099852055,18.09644230769231,1209.8095709966728,56.0,4.9501641946142705,2.0131057982810714,0.7002617801047121
1984,MCT.4.61.1460,76,0,33639.191486719305,92.57926746282519,56.86736880276014,3.513157894736842,31.512984764542967,1.394736842105263,1.2915512465373966,4.894736842105263,530.9889196675907,42.550000000000004,25745.652352631583,2.581447368421053,1.9853150103878134,62.03131578947369,5788.849903531856,1.282894736842108,36.582202146814375,13.985000000000001,1059.7073171052616,46.0,8.092364169146295,3.120552022730347,0.553763440860215
1985,MCT.4.61.1460,115,0,39135.964083203646,105.39847816774981,63.21756629256326,4.408695652173913,60.41557655954637,1.565217391304348,1.8631379962192771,7.739130434782608,1894.0362948960226,40.570086956521735,7581.232138253304,2.8654782608695655,3.6094508582230604,83.20226086956521,28181.32240010586,0.8560869565217382,23.226401209830044,17.067913043478264,1049.94595216635,66.0,7.122224218157087,2.5423184814774404,0.6213483146067416
1986,MCT.4.61.1460,301,0,13291.452852768525,60.45371823186816,39.87535230973346,4.95016611295681,47.13040694915077,1.6877076411960132,1.424068167018027,7.5813953488372094,3762.828092405134,24.74853820598007,2138.997329424618,3.3626578073089703,3.3684248297480166,59.0350830564784,6381.991694096094,0.32375415282392317,6.8948108232800704,16.176046511627902,904.6603753998317,131.0,12.373010472420999,3.451663021144031,0.5297984224364592
1987,MCT.4.61.1460,207,0,26250.208370798788,76.03107433294376,46.11170735973932,4.734299516908212,59.972881514154444,1.5893719806763285,1.9328339051086492,9.990338164251208,7375.4491820112935,27.24497584541063,1526.912050120189,3.211545893719808,4.398675871082176,69.25714975845412,16206.393736320573,0.47091787439613414,16.332678867651545,15.400193236714976,932.0037313636241,88.0,5.467739805169677,2.013827267461846,0.7021276595744681
1988,MCT.4.61.1460,327,0,13546.948147535688,62.33726064080535,40.08220115651798,4.996941896024465,48.14983774280099,1.782874617737003,2.322887149416897,8.428134556574923,5334.018535663843,30.477951070336395,4024.540827300361,3.32840978593272,3.92245129384919,55.988287461773695,3140.343112663544,0.2992048929663626,6.593818939670173,17.37581039755352,945.6287007958565,137.0,13.216022129598901,3.604607877659842,0.5192307692307693
1989,MCT.4.61.1460,252,0,11343.048796947132,59.496995900515074,40.29363148226285,4.496031746031746,46.42458742756343,1.5476190476190477,1.8588435374149577,6.357142857142857,2173.0629251700634,26.825833333333332,4277.03345763889,3.1362301587301586,3.3655925343285427,54.90658730158731,3686.320546289998,0.3846031746031765,7.991749445704256,17.97265873015873,1101.9789965025864,109.0,11.76070768195592,3.4537663812756203,0.5287141073657927
1990,MCT.4.61.1460,357,0,24980.23011911372,69.24686650247784,41.872580162383514,4.985994397759104,53.41436966943669,1.6974789915966386,1.9701056893345674,10.232492997198879,11066.79468650206,33.54386554621849,3486.2272136289826,3.698179271708684,56.57918183900956,61.84285714285713,9263.966771108442,0.27212885154061583,7.745692946982851,19.467675070028008,973.5594643425984,138.0,9.27969595662812,2.7710440996573467,0.5951272926361895
1991,MCT.4.61.1460,300,0,13758.30313716948,64.61545559653136,43.091953654785065,4.756666666666667,58.7907888888891,1.6,1.3600000000000119,6.9,3136.810000000028,29.55303333333333,6184.108789132218,3.7364,4.234181039999982,61.806033333333325,3276.902330598888,0.3242333333333327,6.89350374555554,19.3756,1043.342533306669,131.0,13.230986978264415,3.5643875681907806,0.5227053140096618
1992,MCT.4.61.1460,434,0,13537.780155424105,52.343824136592495,34.12510728773077,5.306451612903226,60.00516574996263,1.6981566820276497,1.6853883072479898,9.721198156682028,9334.16420501615,20.961682027649772,1492.5653748205552,4.077626728110599,7.480082616428468,50.5050460829493,1612.0568885923456,0.22592165898617259,5.108661938563221,18.88764976958525,993.5213465501512,180.0,12.653752735327783,3.276500829343081,0.5468120407679545
1993,MCT.4.61.1460,312,0,22852.85109028044,79.58551109420881,48.38106934307727,4.471153846153846,46.0696807199209,1.6346153846153846,1.7575197238658802,8.592948717948717,7265.138796433173,42.7536858974359,11029.98481493981,3.4503846153846163,7.024447287968446,57.739198717948724,3317.3378791656382,0.31804487179487434,9.885237523627632,19.766089743589745,1102.4063968893847,130.0,8.821032116429022,2.6059428203489285,0.6154419992540097
1994,MCT.4.61.1460,255,0,19669.747785061103,65.87307485827588,41.04696328929325,5.192156862745098,58.500330642060675,1.7411764705882353,1.7839907727796922,11.776470588235295,11755.70297577866,27.42874509803922,2062.536304307574,3.6180000000000003,9.59605207843137,58.01607843137255,4647.164085797771,0.38623529411764607,12.686243866205224,21.437254901960785,1044.6415359938508,105.0,6.2014584719314225,2.220237873950786,0.6666666666666666
1995,MCT.4.61.1460,500,0,14439.539631824107,57.94393172153149,39.65565263645679,5.352,58.14009600000004,1.656,1.3456640000000053,9.686,9266.03140400018,25.1328,1315.3099353600007,4.12394,6.127851076400006,57.7044,2561.7939434399996,0.1931799999999995,3.6718536875999845,22.360060000000004,1198.239804996405,187.0,13.83221104288477,3.545148454840813,0.5246747883543258
1996,MCT.4.61.1460,389,0,32319.502235459717,77.04839794723998,46.93312126116571,5.316195372750642,49.86660146311484,1.7583547557840618,1.7873659307035938,10.922879177377892,13188.929785026661,37.46485861182519,12049.165936548128,3.9058354755784075,9.227811448510096,61.27879177377894,5804.280324761274,0.24866323907454763,6.866209009985356,21.96706940874036,1126.2946479669044,155.0,9.506814176566822,2.734482298491733,0.6001412096963992
1997,MCT.4.61.1460,392,0,22729.254097426812,73.6319486616077,46.63564622425976,5.3188775510204085,59.559031393169334,1.6658163265306123,1.5643416805497623,9.653061224489797,9301.190857975887,36.77956632653062,8100.739383230296,3.5984948979591826,3.495110744871923,60.54655612244897,4098.693173598893,0.24821428571428567,6.0454059948980605,21.166352040816324,1099.9840017434071,163.0,11.096467149340105,2.914825763778425,0.5816596194503171
1998,MCT.4.61.1460,360,0,10815.961224712191,58.14150945118291,40.18540601807322,5.333333333333333,55.188888888888634,1.7055555555555555,1.4855246913580282,7.816666666666666,3930.5052777778046,29.26722222222222,4127.2437156172855,3.741138888888888,5.283385091820983,56.94280555555555,1876.7917435177467,0.26677777777777667,4.638516839506208,16.643944444444447,784.779835552467,149.0,15.60711313681829,4.2053174834147296,0.47796730632551526
1999,MCT.4.61.1460,408,0,11170.03223157549,58.53942419729524,40.691645671238376,5.411764705882353,51.95299884659719,1.7009803921568627,1.4645088427527901,9.181372549019608,6140.241613802397,25.39602941176471,1127.4797116854086,4.213995098039215,9.649123009779903,58.1726225490196,2641.596075230078,0.23919117647058763,4.111087336000525,22.895,1166.159582843136,157.0,15.011858955643458,4.079983578321058,0.48505072076882005
2000,MCT.4.61.1460,376,0,22224.057094066815,65.61058289693584,40.59606594618549,5.329787234042553,55.01358080579399,1.7313829787234043,1.5900789384336917,11.007978723404255,13812.09834059545,25.790292553191488,3804.117632627174,3.70441489361702,5.211487955522882,59.49281914893618,3366.931669711975,0.2549468085106357,7.465868082276984,22.725079787234044,1112.5219005255442,148.0,8.138432199048586,2.423629513485051,0.63904324716115
2001,MCT.4.61.1460,400,0,29108.553135529462,62.75921613956945,38.571057469214495,5.0575,49.51419375000013,1.6375,1.4510937500000036,8.5625,5767.91109375,25.5451,2195.2170604900007,3.696074999999999,3.5041193443749994,61.317475,20014.12822037439,0.24307500000000115,4.611990794374968,20.00525,999.4439804375056,149.0,12.950924483251939,3.515380694246201,0.5261313868613139
2002,MCT.4.61.1460,370,0,20243.448641163064,63.308241324668586,40.90670043525691,5.175675675675675,52.66913805697594,1.6945945945945946,1.5526734842951082,10.597297297297297,12193.948641344,26.24489189189189,1611.074105528853,3.6112162162162154,2.835252304601898,60.47605405405405,5277.036594699779,0.255864864864862,7.219551819576303,20.856675675675675,1042.4006605704876,155.0,9.076703766856124,2.6573401952269218,0.6087732721244581
2003,MCT.4.61.1460,396,0,13366.915950694318,62.694592543030005,42.57944529956998,4.944444444444445,50.58277216610549,1.5808080808080809,1.3040761146821753,8.26010101010101,6859.298509080761,25.69717171717172,2546.6316445260672,4.100025252525254,7.853069948857278,58.63583333333334,2618.6187480429294,0.24128787878788044,5.812725361570277,24.442702020202013,1243.0595671940366,157.0,11.579770136032934,3.1553665710078618,0.5567104860898807
2004,MCT.4.61.1460,532,0,13876.312182129448,51.646788524453434,36.43789763899932,5.18796992481203,50.35940414947109,1.631578947368421,1.3229125445192056,9.296992481203008,10102.689990954947,22.053176691729323,1203.2456400965991,4.26139097744361,7.389926636610373,55.58310150375939,1480.9785589896974,0.17977443609022498,3.7371382949856566,20.952913533834586,1000.5053168872653,198.0,13.835480019714572,3.3105675715104264,0.545086938940558
2005,MCT.4.61.1460,361,0,15128.868746792788,54.633725610767975,36.57791354292826,5.096952908587258,50.87425664321171,1.6454293628808865,1.4310663668940506,9.373961218836564,8456.754889848848,18.606731301939053,669.4454236646437,3.744293628808865,5.061494307133922,58.630360110803316,4903.913082141787,0.2676177285318574,6.812531166887884,20.60332409972299,992.6677789780587,142.0,9.899762824295523,2.774196517990255,0.5963356973995272
2006,MCT.4.61.1460,531,0,25771.564935721075,56.29451878876507,36.62341928400934,5.811676082862523,67.65944935647136,1.6629001883239172,1.6358929071751307,12.67231638418079,20035.88132401272,18.032485875706218,714.7388017300261,4.34608286252354,5.9470475562223335,61.59410546139359,3942.7737417139238,0.17478342749529463,3.8655541433035085,20.7624670433145,950.529103706535,187.0,12.264488106788386,3.2122439794689095,0.5528310298707089
2007,MCT.4.61.1460,554,0,14914.275593158416,50.40804117957848,35.45640099256252,5.736462093862816,59.21213621968207,1.648014440433213,1.4844094149539457,10.498194945848375,11152.217505767065,18.783465703971117,1132.2027746314955,4.091462093862817,4.857012844230998,56.715902527075805,1578.595892055481,0.1734837545126332,3.001367105331738,20.67940433212996,955.7834200422882,187.0,15.463237787028751,3.895619166076437,0.49931224209078406
2008,MCT.4.61.1460,530,0,17545.605576214264,53.396511738151005,38.373527179556305,5.847169811320755,63.30683161267503,1.7037735849056603,1.3254574581701795,11.443396226415095,14024.046796012739,17.880339622641507,619.4747168657888,4.212811320754717,5.433044360626565,58.16881132075472,1704.376882549306,0.17899999999999885,3.359607867924493,23.37764150943396,1091.1773233054541,193.0,13.613841302662802,3.4634682320724206,0.531244847485573
2009,MCT.4.61.1460,434,0,12738.821915541019,53.54922519232371,35.814884370496685,4.947004608294931,46.52484125804337,1.5806451612903225,1.2388880630295878,8.891705069124423,8013.939885111143,19.093202764976954,1135.0818669312366,4.148870967741936,5.8611464211387085,55.67301843317972,2402.4502242992,0.21525345622119518,4.79005765465391,22.373778801843315,1099.5828815731961,168.0,12.133326106651069,3.208764876370421,0.5522155998963462
2010,MCT.4.61.1460,632,0,9643.215887856299,50.84547376276002,36.053160950938505,5.216772151898734,50.20142755568006,1.5332278481012658,1.1413009734017079,8.162974683544304,6108.531983556249,18.474240506329117,689.3613484738023,5.154699367088608,14.930892314683183,59.91973101265825,1681.6617687567605,0.14808544303797372,1.9833521889020003,22.824414556962026,1080.1455610496641,208.0,22.888258225425933,4.991187173637658,0.43981391742585774
2011,MCT.4.61.1460,468,0,12054.642029731043,51.1254824578237,36.68514490224824,5.205128205128205,51.47928994082835,1.5491452991452992,1.0210890130761912,9.134615384615385,8727.996835963175,18.168205128205138,760.0474352399718,4.3458547008547,5.259765722477901,59.017435897435895,1395.914579322813,0.19741452991452887,4.098922588848743,22.8358547008547,1083.066329825036,168.0,13.273173145629071,3.380085421223769,0.5387134502923977
2012,MCT.4.61.1460,561,0,10937.99612441369,50.060953063586176,36.34260815147898,4.96078431372549,48.240886372373474,1.4973262032085561,1.0236113891351437,8.024955436720143,7152.067113411621,16.046666666666667,960.0311352347012,4.689714795008912,7.460855533631366,61.69641711229946,1697.2949153269092,0.16185383244206736,2.9343965633052767,22.221515151515153,1049.4458912872121,206.0,16.71889495038499,3.7786524449561854,0.5084406930253221
2013,MCT.4.61.1460,655,0,11274.505483796864,51.99693095468171,37.99409774365112,5.302290076335878,51.66434590058845,1.549618320610687,1.099446419206343,8.427480916030534,7796.8493211354435,15.970213740458012,408.95079506881905,4.910564885496183,9.65416502441583,62.34687022900761,1776.6454334106393,0.1417251908396926,2.1743559550143132,25.05009160305343,1210.2546354114593,222.0,19.557367224158988,4.292150918327933,0.476268115942029
2014,MCT.4.61.1460,521,0,13217.522979984504,55.17382869951492,38.3214933379031,5.178502879078695,51.03723461083641,1.579654510556622,1.2071868288136134,8.783109404990403,8942.849311636794,15.474952015355086,518.6119297961615,4.704952015355085,7.032072598465235,64.1987907869482,2461.9881311673635,0.17333973128598806,3.451832224313888,25.789827255278308,1205.9757552484625,193.0,14.117668196393126,3.367694044135597,0.5397727272727273
2015,MCT.4.61.1460,498,0,13279.657946796815,59.056297397807924,41.506090652429336,5.124497991967871,51.518636796180644,1.5040160642570282,1.049180658376492,8.495983935742972,7213.948779051848,16.59734939759036,904.397918275511,4.535522088353414,8.280776133046228,64.97813253012046,3789.8211481189837,0.18066265060240938,3.308766428364015,26.086425702811248,1280.666761521596,179.0,13.794891097667842,3.4014866596805318,0.5367525407705034
2016,MCT.4.61.1460,617,0,10524.665462525481,49.29413551796587,34.192232635262634,5.570502431118315,58.43951887236066,1.5640194489465153,1.1113796300917367,8.883306320907618,7190.407776426281,14.548784440842788,449.89790046731076,4.923306320907619,10.290297009895106,59.31899513776338,1738.5735714375762,0.14447325769853975,1.8679145118456093,21.425153970826578,1057.019299530597,209.0,18.089959377412818,4.270596413515455,0.47600802773216566
2017,MCT.4.61.1460,556,0,75114.35646390241,65.30737083989325,40.814843698418414,5.2859712230215825,57.869659308524255,1.4784172661870503,0.8682392215723785,8.235611510791367,5994.867149086518,23.061258992805758,65188.73385776745,5.005521582733812,10.094661778311162,63.83654676258992,2452.955734837738,0.15852517985611456,2.19265070260333,26.24803956834532,1271.676747775407,194.0,18.203126077800608,4.32191897015546,0.47324743393754093
2018,MCT.4.61.1460,525,0,9336.479604752447,47.653137476161945,34.32706243267254,5.571428571428571,53.70394557823123,1.4895238095238095,0.8936997732426154,8.630476190476191,6437.394880725603,10.094152380952382,150.15196904344657,4.717257142857145,5.282747524353732,61.38773333333333,1588.3415836241254,0.16558095238095172,2.332861614875264,23.303638095238092,1080.5941461928387,181.0,15.355604157053941,3.695481154180339,0.5142352681527257
2019,MCT.4.61.1460,601,0,7767.832799160275,45.03457088503298,32.43717228371546,5.381031613976705,54.3423357078197,1.454242928452579,0.7936633619508079,7.870216306156406,5410.179495627038,9.662961730449249,213.17648207673844,4.889567387687188,7.731189163928108,59.10337770382695,991.6041162117491,0.1400998336106479,1.6723484093343923,22.048236272878533,1075.4083220140615,201.0,18.456488101703606,4.139240276821372,0.48498942917547566
2020,MCT.4.61.1460,562,0,6888.676300075847,46.88728285927808,33.72279736218499,5.110320284697509,54.07323868745369,1.4234875444839858,0.8847152391686899,6.99288256227758,3985.4412304809885,7.532099644128112,223.29992014665478,4.886014234875446,5.645804754245769,62.724288256227766,1485.9155155966234,0.14359430604982137,1.7056233798964333,22.614341637010675,1119.452820651958,207.0,17.709828215113475,3.938582702867011,0.49821882951653945
2021,MCT.4.61.1460,538,0,14723.931568053977,51.790185563007604,35.98697654658792,4.907063197026022,44.54154862425895,1.3494423791821561,0.7291911388731623,6.299256505576208,2564.867694614523,5.42771375464684,47.28926893665103,4.854014869888479,17.39366529345943,67.4939033457249,10843.136997031563,0.14360594795538867,1.3533617183289235,23.082100371747213,1177.2519381534942,201.0,21.3574600232872,4.589151923653989,0.4600177043375627
2022,MCT.4.61.1460,388,0,15212.574031752969,47.110838719758036,32.028234175005,4.152061855670103,32.50522770751391,1.2938144329896908,0.5425390583483851,4.798969072164948,1308.1657721330573,4.046778350515463,34.74826977561387,5.001056701030928,27.46048419266124,66.01121134020619,12753.836909615125,0.19497422680412554,2.186968813768759,18.455438144329893,1013.9201954265815,158.0,18.079713074286474,4.096407920015312,0.4881847475832438
2023,MCT.4.61.1460,344,0,3496.8233917943553,46.450757652507065,35.47920716510109,4.311046511627907,28.627087276906487,1.2848837209302326,0.3839575446187122,4.148255813953488,496.9111597485124,2.85093023255814,31.685754367225563,4.9804360465116275,7.401284984282035,67.36796511627908,1581.5189528359924,0.19241279069767359,1.0468886551852372,26.31424418604651,1339.0831221031606,133.0,26.134777924439966,6.727818470758873,0.3721093202522775
2024,MCT.4.61.1460,77,0,5525.563973547503,65.14209307265106,57.46849991041277,3.4285714285714284,21.67346938775508,1.155844155844156,0.23545285882948153,2.5714285714285716,86.58256029684578,9.531688311688312,467.29719325349987,4.989220779220779,7.294186405801989,79.56662337662338,2653.356632754259,0.5687012987012979,4.256390521167149,43.113766233766235,2213.107516984316,46.0,12.626838465524674,4.158252015273652,0.4797979797979798
