corrida,semilla,r2_multiple,r2_adj_multiple,num_candidatas,features_candidatas,num_sobrevivientes,features_sobrevivientes,shapiro_p_value,breusch_pagan_p_value,durbin_watson_stat,pca_ev1,pca_coseno_ref
1,0,0.6475980788993198,0.6123578867892516,4,mean_Ave. citations | mean_Ave. authorships | mean_Percent of documents | mean_Percent of documents Int. Coll.,4,mean_Ave. citations | mean_Ave. authorships | mean_Percent of documents | mean_Percent of documents Int. Coll.,0.9937995532148741,0.09320269346184742,1.8852248572245303,0.7156494,1.0
2,1,0.5025877448194587,0.4528465193014045,4,mean_WoS Categories | mean_Ave. citations | mean_Ave. authorships | mean_Percent of documents,1,mean_Ave. authorships,0.4334734779689676,0.0037056601629222186,2.1127755205873817,0.67475605,0.07129903882741928
3,2,0.6706682355759885,0.6377350591335873,4,mean_WoS Categories | mean_Ave. citations | mean_Ave. authorships | mean_Percent of documents,2,mean_Ave. citations | mean_Percent of documents,0.1408562946195055,0.28015968178970047,1.7916039112867403,0.89497006,0.3529618978500366
4,3,0.5830959233255988,0.5296466827263167,5,mean_WoS Categories | mean_Ave. citations | mean_Ave. authorships | mean_Percent of documents | mean_Percent of documents Int. Coll.,3,mean_Ave. citations | mean_Percent of documents | mean_Percent of documents Int. Coll.,0.13559206516226446,0.5660660938437243,1.6092642059329667,0.5718568,0.19878077507019043
5,4,0.27528392402721125,0.20281231642993236,4,mean_Ave. citations | mean_Ave. authorships | mean_Percent of documents | mean_Percent of documents Int. Coll.,0,,0.0001844893012735724,0.19306152987802178,1.610105807390077,0.77330583,0.1579352766275406
6,5,0.47285423070321897,0.4201396537735408,4,mean_Ave. citations | mean_Ave. authorships | mean_Percent of documents | mean_Percent of documents Int. Coll.,2,mean_Ave. citations | mean_Percent of documents Int. Coll.,6.292848115874594e-07,0.30093653497117306,1.3982017935778435,0.88443506,0.5055816769599915
7,6,0.3777249177963451,0.3321925947082728,3,mean_Ave. citations | mean_Ave. authorships | mean_Percent of documents,1,mean_Percent of documents,1.2558994031434033e-05,0.24896962338764017,1.465014756609448,0.7260821,-0.38846495747566223
8,7,0.7893220597914576,0.7682542657706034,4,mean_Ave. citations | mean_Ave. authorships | mean_Percent of documents | mean_Percent of documents Int. Coll.,2,mean_Percent of documents | mean_Percent of documents Int. Coll.,0.669428012473415,0.3857952237413097,1.7458146074648473,0.7579714,0.39375296235084534
9,8,0.43921480639145305,0.3981817434444862,3,mean_Ave. citations | mean_Ave. authorships | mean_Percent of documents,1,mean_Percent of documents,0.840862370995525,0.27343984593725157,2.166473672461088,0.7432408,0.636204719543457
10,9,0.3384836274511007,0.2900799904353275,3,mean_WoS Categories | mean_Ave. authorships | mean_Percent of documents,2,mean_WoS Categories | mean_Ave. authorships,0.9773968432427885,0.043902317965410345,2.00116151631953,0.6507462,0.4573368728160858
11,10,0.37294097581309926,0.3270586081896675,3,mean_Ave. authorships | mean_Percent of documents | mean_Percent of documents Int. Coll.,0,,5.5708711686680104e-05,0.0665847515973819,2.0931424259221716,0.75125825,-0.11326929926872253
12,11,0.73975633575922,0.7063917634206585,5,mean_WoS Categories | mean_Ave. citations | mean_Ave. authorships | mean_Percent of documents | mean_Percent of documents Int. Coll.,1,mean_Ave. authorships,0.2389699942331438,0.26155588427371645,2.113119380749821,0.76744974,-0.030829032883048058
13,12,0.3651710136742664,0.301688115041693,4,mean_Document Types | mean_Ave. citations | mean_Ave. authorships | mean_Percent of documents Int. Coll.,1,mean_Ave. authorships,9.37537606755234e-05,0.16362152088931398,1.7307441143837026,0.6942277,-0.05192047730088234
14,13,0.6157832706869069,0.5773615977555975,4,mean_Ave. citations | mean_Ave. authorships | mean_Percent of documents | mean_Percent of documents Int. Coll.,2,mean_Ave. citations | mean_Ave. authorships,0.0012957871902503175,0.9484037729978226,2.453422112532045,0.6004413,-0.09636522084474564
15,14,0.2734168500245989,0.22025222929469146,3,mean_Ave. citations | mean_Ave. authorships | mean_Percent of documents,1,mean_Ave. citations,0.1850184510839104,0.08659765697891539,2.0346371034760775,0.7232339,0.07621604204177856
16,15,0.48040477604329723,0.42844525364762687,4,mean_WoS Categories | mean_Ave. citations | mean_Ave. authorships | mean_Percent of documents,2,mean_Ave. citations | mean_Percent of documents,0.12417241741345042,0.08777904372328582,2.1464679530479707,0.699795,0.03365559130907059
17,16,0.49381267841092635,0.4431939462520189,4,mean_WoS Categories | mean_Ave. citations | mean_Ave. authorships | mean_Percent of documents,1,mean_Percent of documents,0.0002140386151361272,0.020566477642132812,1.369208776099657,0.83543414,0.03360624983906746
18,17,0.33837045439121594,0.2899585364198415,3,mean_Document Types | mean_Ave. authorships | mean_Percent of documents Int. Coll.,2,mean_Document Types | mean_Ave. authorships,0.558061894825518,0.34910788684120025,2.08606795399651,0.40647802,0.2852870523929596
19,18,0.5028372691531735,0.45312099606849077,4,mean_Ave. citations | mean_Ave. authorships | mean_Percent of documents | mean_Percent of documents Int. Coll.,3,mean_Ave. citations | mean_Ave. authorships | mean_Percent of documents Int. Coll.,0.2072334316776528,0.062382386128613736,2.312829300447814,0.5771591,0.06882721185684204
20,19,0.46066615939445965,0.4067327753339056,4,mean_WoS Categories | mean_Ave. citations | mean_Ave. authorships | mean_Percent of documents,0,,3.0844676992849598e-06,0.009561768506281968,1.9321268362429624,0.9178584,0.08626360446214676
21,20,0.5868827479618077,0.5455710227579884,4,mean_Ave. citations | mean_Ave. authorships | mean_Percent of documents | mean_Percent of documents Int. Coll.,2,mean_Ave. citations | mean_Ave. authorships,0.005638208395919918,0.09866172299234952,2.2140958314969867,0.7412259,0.1280939131975174
22,21,0.671415755992377,0.6292895708631946,5,mean_WoS Categories | mean_Ave. citations | mean_Ave. authorships | mean_Percent of documents | mean_Percent of documents Int. Coll.,2,mean_Percent of documents | mean_Percent of documents Int. Coll.,0.23366962029684885,0.873638649961507,1.7869519243912053,0.6618677,-0.25473636388778687
23,22,0.4668577488204939,0.4135435237025432,4,mean_WoS Categories | mean_Ave. citations | mean_Ave. authorships | mean_Percent of documents,1,mean_Ave. authorships,0.0004767407281758471,0.08930623787513818,1.9173098400016344,0.8053245,-0.03414679691195488
24,23,0.5025630305290352,0.4528193335819386,4,mean_Ave. citations | mean_Ave. authorships | mean_Percent of documents | mean_Percent of documents Int. Coll.,1,mean_Ave. authorships,0.35865391171383426,0.46509517276585643,2.0032468391722693,0.6787858,0.14076988399028778
25,24,0.5063039047314383,0.45693429520458206,4,mean_Ave. citations | mean_Ave. authorships | mean_Percent of documents | mean_Percent of documents Int. Coll.,1,mean_Ave. authorships,4.837311947855679e-08,0.7213678254581681,1.7732873578967012,0.73605657,0.132181316614151
26,25,0.5881788942264785,0.5353813165632065,5,mean_Document Types | mean_Ave. citations | mean_Ave. authorships | mean_Percent of documents | mean_Percent of documents Int. Coll.,3,mean_Ave. citations | mean_Ave. authorships | mean_Percent of documents Int. Coll.,0.0012021247390794395,0.30516889409636244,1.9253737802772866,0.6705663,0.4044833779335022
27,26,0.5028589502706198,0.4664827759001773,3,mean_Ave. citations | mean_Ave. authorships | mean_Percent of documents,2,mean_Ave. citations | mean_Percent of documents,0.04691376433583789,0.06546873118120326,1.9386644174381849,0.8137572,0.645348310470581
28,27,0.3578319057359032,0.29361509630949345,4,mean_Document Types | mean_Ave. authorships | mean_Percent of documents | mean_Percent of documents Int. Coll.,1,mean_Ave. authorships,0.24407915539466285,0.34749587403636895,1.8563596024591669,0.4694888,-0.29399973154067993
29,28,0.5934970382675446,0.5413812739428709,5,mean_WoS Categories | mean_Ave. citations | mean_Ave. authorships | mean_Ave. references | mean_Percent of documents,2,mean_Ave. authorships | mean_Percent of documents,0.13914583424095317,0.4946124209955918,1.5581445752980088,0.4994586,0.2881098985671997
30,29,0.5826234731322626,0.5408858204454888,4,mean_Ave. citations | mean_Ave. authorships | mean_Percent of documents | mean_Percent of documents Int. Coll.,3,mean_Ave. citations | mean_Percent of documents | mean_Percent of documents Int. Coll.,7.1554863238805e-06,0.25519020603036874,1.6551297836008432,0.8041199,0.4596423804759979
